<TPGL>
  <!-- Copyright @ 2021 FANUC America Corporation and FANUC LTD Japan ALL RIGHTS RESERVED -->
  <SETPOD name="C1R102U117" uiname="UFrame4" fullname="SimPRO.RGCUserFrame">
    <filesize>"4.296(Kbyte)"</filesize>
    <filepath>"C:\Users\adipa\Documents\My Workcells\Palletizing\RG3DPlayer\Palletizing_Rg_2021_04_13_t_16_29_55\cad\C1R102U117.pod"</filepath>
  </SETPOD>
  <SETPOD name="C1R102U120" uiname="UFrame7" fullname="SimPRO.RGCUserFrame">
    <filesize>"4.296(Kbyte)"</filesize>
    <filepath>"C:\Users\adipa\Documents\My Workcells\Palletizing\RG3DPlayer\Palletizing_Rg_2021_04_13_t_16_29_55\cad\C1R102U120.pod"</filepath>
  </SETPOD>
  <SETPOD name="FX276P279" uiname="ModelCar" fullname="SimPRO.RGCAttachedPart">
    <filesize>"50.420(Kbyte)"</filesize>
    <filepath>"C:\Users\adipa\Documents\My Workcells\Palletizing\RG3DPlayer\Palletizing_Rg_2021_04_13_t_16_29_55\cad\FX276P279.pod"</filepath>
  </SETPOD>
  <SETPOD name="FX275P278" uiname="ModelCar" fullname="SimPRO.RGCAttachedPart">
    <filesize>"50.420(Kbyte)"</filesize>
    <filepath>"C:\Users\adipa\Documents\My Workcells\Palletizing\RG3DPlayer\Palletizing_Rg_2021_04_13_t_16_29_55\cad\FX275P278.pod"</filepath>
  </SETPOD>
  <SETPOD name="C1R102U121" uiname="UFrame8" fullname="SimPRO.RGCUserFrame">
    <filesize>"4.296(Kbyte)"</filesize>
    <filepath>"C:\Users\adipa\Documents\My Workcells\Palletizing\RG3DPlayer\Palletizing_Rg_2021_04_13_t_16_29_55\cad\C1R102U121.pod"</filepath>
  </SETPOD>
  <SETPOD name="C1R102U116" uiname="UFrame3" fullname="SimPRO.RGCUserFrame">
    <filesize>"4.296(Kbyte)"</filesize>
    <filepath>"C:\Users\adipa\Documents\My Workcells\Palletizing\RG3DPlayer\Palletizing_Rg_2021_04_13_t_16_29_55\cad\C1R102U116.pod"</filepath>
  </SETPOD>
  <SETPOD name="C1R102G103V2" uiname="Gripper" fullname="SimPRO.RGCEOAT">
    <filesize>"1.567(Mbyte)"</filesize>
    <filepath>"C:\Users\adipa\Documents\My Workcells\Palletizing\RG3DPlayer\Palletizing_Rg_2021_04_13_t_16_29_55\cad\C1R102G103V2.pod"</filepath>
  </SETPOD>
  <SETPOD name="FX275" uiname="Infeed" fullname="SimPRO.RGCFixture">
    <filesize>"194.048(Kbyte)"</filesize>
    <filepath>"C:\Users\adipa\Documents\My Workcells\Palletizing\RG3DPlayer\Palletizing_Rg_2021_04_13_t_16_29_55\cad\FX275.pod"</filepath>
  </SETPOD>
  <SETPOD name="C1R102U102">
    <filesize>"4.296(Kbyte)"</filesize>
    <filepath>"C:\Users\adipa\Documents\My Workcells\Palletizing\RG3DPlayer\Palletizing_Rg_2021_04_13_t_16_29_55\cad\C1R102U102.pod"</filepath>
  </SETPOD>
  <SETPOD name="C1R102_rb_J1" uiname="GP: 1 - ARC Mate 100iD" fullname="SimPRO.RGCRobotGroup">
    <filesize>"126.185(Kbyte)"</filesize>
    <filepath>"C:\Users\adipa\Documents\My Workcells\Palletizing\RG3DPlayer\Palletizing_Rg_2021_04_13_t_16_29_55\cad\C1R102_rb_J1.pod"</filepath>
  </SETPOD>
  <SETPOD name="C1R102_rb_J4" uiname="GP: 1 - ARC Mate 100iD" fullname="SimPRO.RGCRobotGroup">
    <filesize>"91.216(Kbyte)"</filesize>
    <filepath>"C:\Users\adipa\Documents\My Workcells\Palletizing\RG3DPlayer\Palletizing_Rg_2021_04_13_t_16_29_55\cad\C1R102_rb_J4.pod"</filepath>
  </SETPOD>
  <SETPOD name="C1R102_rb_J6" uiname="GP: 1 - ARC Mate 100iD" fullname="SimPRO.RGCRobotGroup">
    <filesize>"46.647(Kbyte)"</filesize>
    <filepath>"C:\Users\adipa\Documents\My Workcells\Palletizing\RG3DPlayer\Palletizing_Rg_2021_04_13_t_16_29_55\cad\C1R102_rb_J6.pod"</filepath>
  </SETPOD>
  <SETPOD name="C1R102G103V1" uiname="Gripper" fullname="SimPRO.RGCEOAT">
    <filesize>"1.567(Mbyte)"</filesize>
    <filepath>"C:\Users\adipa\Documents\My Workcells\Palletizing\RG3DPlayer\Palletizing_Rg_2021_04_13_t_16_29_55\cad\C1R102G103V1.pod"</filepath>
  </SETPOD>
  <SETPOD name="C1R102_rb_J5" uiname="GP: 1 - ARC Mate 100iD" fullname="SimPRO.RGCRobotGroup">
    <filesize>"64.319(Kbyte)"</filesize>
    <filepath>"C:\Users\adipa\Documents\My Workcells\Palletizing\RG3DPlayer\Palletizing_Rg_2021_04_13_t_16_29_55\cad\C1R102_rb_J5.pod"</filepath>
  </SETPOD>
  <SETPOD name="C1R102U114" uiname="UFrame1" fullname="SimPRO.RGCUserFrame">
    <filesize>"4.296(Kbyte)"</filesize>
    <filepath>"C:\Users\adipa\Documents\My Workcells\Palletizing\RG3DPlayer\Palletizing_Rg_2021_04_13_t_16_29_55\cad\C1R102U114.pod"</filepath>
  </SETPOD>
  <SETPOD name="C1R102_rb_J3" uiname="GP: 1 - ARC Mate 100iD" fullname="SimPRO.RGCRobotGroup">
    <filesize>"163.447(Kbyte)"</filesize>
    <filepath>"C:\Users\adipa\Documents\My Workcells\Palletizing\RG3DPlayer\Palletizing_Rg_2021_04_13_t_16_29_55\cad\C1R102_rb_J3.pod"</filepath>
  </SETPOD>
  <SETPOD name="C1R102_rb_J2" uiname="GP: 1 - ARC Mate 100iD" fullname="SimPRO.RGCRobotGroup">
    <filesize>"154.674(Kbyte)"</filesize>
    <filepath>"C:\Users\adipa\Documents\My Workcells\Palletizing\RG3DPlayer\Palletizing_Rg_2021_04_13_t_16_29_55\cad\C1R102_rb_J2.pod"</filepath>
  </SETPOD>
  <SETPOD name="FX276" uiname="OutfeedTable" fullname="SimPRO.RGCFixture">
    <filesize>"11.958(Kbyte)"</filesize>
    <filepath>"C:\Users\adipa\Documents\My Workcells\Palletizing\RG3DPlayer\Palletizing_Rg_2021_04_13_t_16_29_55\cad\FX276.pod"</filepath>
  </SETPOD>
  <SETPOD name="C1R102U118" uiname="UFrame5" fullname="SimPRO.RGCUserFrame">
    <filesize>"4.296(Kbyte)"</filesize>
    <filepath>"C:\Users\adipa\Documents\My Workcells\Palletizing\RG3DPlayer\Palletizing_Rg_2021_04_13_t_16_29_55\cad\C1R102U118.pod"</filepath>
  </SETPOD>
  <SETPOD name="C1R102G103P280" uiname="ModelCar" fullname="SimPRO.RGCAttachedPart">
    <filesize>"50.420(Kbyte)"</filesize>
    <filepath>"C:\Users\adipa\Documents\My Workcells\Palletizing\RG3DPlayer\Palletizing_Rg_2021_04_13_t_16_29_55\cad\C1R102G103P280.pod"</filepath>
  </SETPOD>
  <SETPOD name="C1R102x2000000026" uiname="GP: 1 - ARC Mate 100iD" fullname="SimPRO.RGCRobotGroup">
    <filesize>"4.854(Kbyte)"</filesize>
    <filepath>"C:\Users\adipa\Documents\My Workcells\Palletizing\RG3DPlayer\Palletizing_Rg_2021_04_13_t_16_29_55\cad\C1R102x2000000026.pod"</filepath>
  </SETPOD>
  <SETPOD name="C1R102_rb_J0" uiname="GP: 1 - ARC Mate 100iD" fullname="SimPRO.RGCRobotGroup">
    <filesize>"156.647(Kbyte)"</filesize>
    <filepath>"C:\Users\adipa\Documents\My Workcells\Palletizing\RG3DPlayer\Palletizing_Rg_2021_04_13_t_16_29_55\cad\C1R102_rb_J0.pod"</filepath>
  </SETPOD>
  <SETPOD name="C1R102U122" uiname="UFrame9" fullname="SimPRO.RGCUserFrame">
    <filesize>"4.296(Kbyte)"</filesize>
    <filepath>"C:\Users\adipa\Documents\My Workcells\Palletizing\RG3DPlayer\Palletizing_Rg_2021_04_13_t_16_29_55\cad\C1R102U122.pod"</filepath>
  </SETPOD>
  <SETPOD name="C1R102U119" uiname="UFrame6" fullname="SimPRO.RGCUserFrame">
    <filesize>"4.296(Kbyte)"</filesize>
    <filepath>"C:\Users\adipa\Documents\My Workcells\Palletizing\RG3DPlayer\Palletizing_Rg_2021_04_13_t_16_29_55\cad\C1R102U119.pod"</filepath>
  </SETPOD>
  <SETPOD name="C1R102U115" uiname="UFrame2" fullname="SimPRO.RGCUserFrame">
    <filesize>"4.296(Kbyte)"</filesize>
    <filepath>"C:\Users\adipa\Documents\My Workcells\Palletizing\RG3DPlayer\Palletizing_Rg_2021_04_13_t_16_29_55\cad\C1R102U115.pod"</filepath>
  </SETPOD>
</TPGL>