<TPGL>
<!-- Copyright @ 2021 FANUC America Corporation and FANUC LTD Japan ALL RIGHTS RESERVED -->
 <VIEW loc="3.852, -385.506, 430.006, 1.143, 25.200, 33.300" />
 <SETATR id="/attr/Workcell2_floor" color="#00808080" opac="85" sel="1" style="#0000" vis="1" weight="1" />
 <SETATR id="/attr/Workcell2_grid" color="#00454545" opac="85" sel="1" style="#0000" vis="1" weight="2" />
 <SETATR id="/attr/C1R102" color="#ffc0c0c0" opac="100" sel="1" style="#0000" vis="1" weight="1" />
 <SETATR id="/attr/C1R102_rb_J0" color="#ffc0c0c0" opac="100" sel="1" style="#0000" vis="1" weight="1" />
 <SETATR id="/attr/C1R102_rb_J1" color="#ffc0c0c0" opac="100" sel="1" style="#0000" vis="1" weight="1" />
 <SETATR id="/attr/C1R102_rb_J2" color="#ffc0c0c0" opac="100" sel="1" style="#0000" vis="1" weight="1" />
 <SETATR id="/attr/C1R102_rb_J3" color="#ffc0c0c0" opac="100" sel="1" style="#0000" vis="1" weight="1" />
 <SETATR id="/attr/C1R102_rb_J4" color="#ffc0c0c0" opac="100" sel="1" style="#0000" vis="1" weight="1" />
 <SETATR id="/attr/C1R102_rb_J5" color="#ffc0c0c0" opac="100" sel="1" style="#0000" vis="1" weight="1" />
 <SETATR id="/attr/C1R102_rb_J6" color="#ffc0c0c0" opac="100" sel="1" style="#0000" vis="1" weight="1" />
 <SETATR id="/attr/C1R102G103P280" color="#ffc0c0c0" opac="100" sel="1" style="#0000" vis="0" weight="1" />
 <SETATR id="/attr/C1R102U102" color="#ffc0c0c0" opac="100" sel="1" style="#0000" vis="1" weight="1" />
 <SETATR id="/attr/C1R102U114" color="#ffc0c0c0" opac="100" sel="1" style="#0000" vis="1" weight="1" />
 <SETATR id="/attr/C1R102U115" color="#ffc0c0c0" opac="100" sel="1" style="#0000" vis="1" weight="1" />
 <SETATR id="/attr/C1R102U116" color="#ffc0c0c0" opac="100" sel="1" style="#0000" vis="1" weight="1" />
 <SETATR id="/attr/C1R102U117" color="#ffc0c0c0" opac="100" sel="1" style="#0000" vis="1" weight="1" />
 <SETATR id="/attr/C1R102U118" color="#ffc0c0c0" opac="100" sel="1" style="#0000" vis="1" weight="1" />
 <SETATR id="/attr/C1R102U119" color="#ffc0c0c0" opac="100" sel="1" style="#0000" vis="1" weight="1" />
 <SETATR id="/attr/C1R102U120" color="#ffc0c0c0" opac="100" sel="1" style="#0000" vis="1" weight="1" />
 <SETATR id="/attr/C1R102U121" color="#ffc0c0c0" opac="100" sel="1" style="#0000" vis="1" weight="1" />
 <SETATR id="/attr/C1R102U122" color="#ffc0c0c0" opac="100" sel="1" style="#0000" vis="1" weight="1" />
 <SETATR id="/attr/C1R102x2000000026" color="#ffc0c0c0" opac="100" sel="1" style="#0000" vis="1" weight="1" />
 <SETATR id="/attr/FX275" color="#ffc0c0c0" opac="100" sel="1" style="#0000" vis="1" weight="1" />
 <SETATR id="/attr/FX275P278" color="#ffc0c0c0" opac="100" sel="1" style="#0000" vis="1" weight="1" />
 <SETATR id="/attr/FX276" color="#ffc0c0c0" opac="100" sel="1" style="#0000" vis="1" weight="1" />
 <SETATR id="/attr/FX276P279" color="#ffc0c0c0" opac="100" sel="1" style="#0000" vis="1" weight="1" />
 <SETATR id="/attr/C1R102G103V1" color="#ffc0c0c0" opac="100" sel="1" style="#0000" vis="1" weight="1" />
 <SETATR id="/attr/C1R102G103V2" color="#ffc0c0c0" opac="100" sel="1" style="#0000" vis="1" weight="1" />
 <SETGN id = "cell">
   <SETGN id="floor" loc="0.000, 0.000, 0.000, 0.000, 0.000, 0.000">
    <SETWALL id="wall" siz="20000.00, 20000.00, 0.00" side="1" aid="/attr/Workcell2_floor" fid=""/>
   </SETGN>
   <SETGN id="floor" loc="0.000, 0.000, 0.010, 0.000, 0.000, 0.000">
    <SETGRID id="grid" siz="20000.00, 20000.00, 0.00" grid="1000.00" side="1" aid="/attr/Workcell2_grid" fid=""/>
   </SETGN>
   <SETGN id="C1R102" loc="0.000, 0.000, 0.000, -90.000, -90.000, 0.000">
    <SETGN id="C1R102_rb_J0" loc="0.000, 0.000, 0.000, 0.000, 0.000, 0.000">
     <SETPOD id="C1R102_rb_J0" loc="0.000, 0.000, 0.000, 0.000, 0.000, 0.000" URL="/fr/C1R102_rb_J0.pod" aid="/attr/C1R102_rb_J0" fid="" />
    </SETGN>
    <SETGN id="C1R102_rb_J1" loc="0.000, 0.000, 0.000, 0.276, 0.000, 0.000">
     <SETPOD id="C1R102_rb_J1" loc="0.000, 0.000, 0.000, 0.000, 0.000, 0.000" URL="/fr/C1R102_rb_J1.pod" aid="/attr/C1R102_rb_J1" fid="" />
    </SETGN>
    <SETGN id="C1R102_rb_J2" loc="22.187, 233.430, 1.124, 0.240, 0.137, -29.783">
     <SETPOD id="C1R102_rb_J2" loc="0.000, 0.000, 0.000, 0.000, 0.000, 0.000" URL="/fr/C1R102_rb_J2.pod" aid="/attr/C1R102_rb_J2" fid="" />
    </SETGN>
    <SETGN id="C1R102_rb_J3" loc="-79.320, -112.619, -0.542, 0.271, 0.052, -10.785">
     <SETPOD id="C1R102_rb_J3" loc="0.000, 0.000, 0.000, 0.000, 0.000, 0.000" URL="/fr/C1R102_rb_J3.pod" aid="/attr/C1R102_rb_J3" fid="" />
    </SETGN>
    <SETGN id="C1R102_rb_J4" loc="-79.320, -112.619, -0.542, 0.271, 0.052, -10.785">
     <SETPOD id="C1R102_rb_J4" loc="0.000, 0.000, 0.000, 0.000, 0.000, 0.000" URL="/fr/C1R102_rb_J4.pod" aid="/attr/C1R102_rb_J4" fid="" />
    </SETGN>
    <SETGN id="C1R102_rb_J5" loc="2102.999, -876.746, -4.223, 0.000, -0.276, 90.000">
     <SETPOD id="C1R102_rb_J5" loc="0.000, 0.000, 0.000, 0.000, 0.000, 0.000" URL="/fr/C1R102_rb_J5.pod" aid="/attr/C1R102_rb_J5" fid="" />
    </SETGN>
    <SETGN id="C1R102_rb_J6" loc="2103.000, 454.267, -1282.209, 180.000, -87.947, -90.000">
     <SETPOD id="C1R102_rb_J6" loc="0.000, 0.000, 0.000, 0.000, 0.000, 0.000" URL="/fr/C1R102_rb_J6.pod" aid="/attr/C1R102_rb_J6" fid="" />
    </SETGN>
   </SETGN>
   <SETGN id="C1R102G103P280" loc="500.766, 235.430, 772.000, 0.000, 0.000, -177.947">
    <SETPOD id="C1R102G103P280" loc="0.000, 0.000, 0.000, 0.000, 0.000, 0.000" URL="/fr/C1R102G103P280.pod" aid="/attr/C1R102G103P280" fid="" />
   </SETGN>
   <SETGN id="C1R102U102" loc="0.000, 0.000, 450.000, 0.000, 0.000, 0.000">
    <SETPOD id="C1R102U102" loc="0.000, 0.000, 0.000, 0.000, 0.000, 0.000" URL="/fr/C1R102U102.pod" aid="/attr/C1R102U102" fid="" />
   </SETGN>
   <SETGN id="C1R102U114" loc="0.000, 0.000, 450.000, 0.000, 0.000, 0.000">
    <SETPOD id="C1R102U114" loc="0.000, 0.000, 0.000, 0.000, 0.000, 0.000" URL="/fr/C1R102U114.pod" aid="/attr/C1R102U114" fid="" />
   </SETGN>
   <SETGN id="C1R102U115" loc="0.000, 0.000, 450.000, 0.000, 0.000, 0.000">
    <SETPOD id="C1R102U115" loc="0.000, 0.000, 0.000, 0.000, 0.000, 0.000" URL="/fr/C1R102U115.pod" aid="/attr/C1R102U115" fid="" />
   </SETGN>
   <SETGN id="C1R102U116" loc="0.000, 0.000, 450.000, 0.000, 0.000, 0.000">
    <SETPOD id="C1R102U116" loc="0.000, 0.000, 0.000, 0.000, 0.000, 0.000" URL="/fr/C1R102U116.pod" aid="/attr/C1R102U116" fid="" />
   </SETGN>
   <SETGN id="C1R102U117" loc="0.000, 0.000, 450.000, 0.000, 0.000, 0.000">
    <SETPOD id="C1R102U117" loc="0.000, 0.000, 0.000, 0.000, 0.000, 0.000" URL="/fr/C1R102U117.pod" aid="/attr/C1R102U117" fid="" />
   </SETGN>
   <SETGN id="C1R102U118" loc="0.000, 0.000, 450.000, 0.000, 0.000, 0.000">
    <SETPOD id="C1R102U118" loc="0.000, 0.000, 0.000, 0.000, 0.000, 0.000" URL="/fr/C1R102U118.pod" aid="/attr/C1R102U118" fid="" />
   </SETGN>
   <SETGN id="C1R102U119" loc="0.000, 0.000, 450.000, 0.000, 0.000, 0.000">
    <SETPOD id="C1R102U119" loc="0.000, 0.000, 0.000, 0.000, 0.000, 0.000" URL="/fr/C1R102U119.pod" aid="/attr/C1R102U119" fid="" />
   </SETGN>
   <SETGN id="C1R102U120" loc="0.000, 0.000, 450.000, 0.000, 0.000, 0.000">
    <SETPOD id="C1R102U120" loc="0.000, 0.000, 0.000, 0.000, 0.000, 0.000" URL="/fr/C1R102U120.pod" aid="/attr/C1R102U120" fid="" />
   </SETGN>
   <SETGN id="C1R102U121" loc="0.000, 0.000, 450.000, 0.000, 0.000, 0.000">
    <SETPOD id="C1R102U121" loc="0.000, 0.000, 0.000, 0.000, 0.000, 0.000" URL="/fr/C1R102U121.pod" aid="/attr/C1R102U121" fid="" />
   </SETGN>
   <SETGN id="C1R102U122" loc="0.000, 0.000, 450.000, 0.000, 0.000, 0.000">
    <SETPOD id="C1R102U122" loc="0.000, 0.000, 0.000, 0.000, 0.000, 0.000" URL="/fr/C1R102U122.pod" aid="/attr/C1R102U122" fid="" />
   </SETGN>
   <SETGN id="C1R102x2000000026" loc="0.000, 0.000, 0.000, 0.000, 0.000, 0.000">
    <SETPOD id="C1R102x2000000026" loc="0.000, 0.000, 0.000, 0.000, 0.000, 0.000" URL="/fr/C1R102x2000000026.pod" aid="/attr/C1R102x2000000026" fid="" />
   </SETGN>
   <SETGN id="FX275" loc="0.000, -589.000, 741.477, 0.000, 0.000, -90.000">
    <SETPOD id="FX275" loc="0.000, 0.000, 0.000, 0.000, 0.000, 0.000" URL="/fr/FX275.pod" aid="/attr/FX275" fid="" />
   </SETGN>
   <SETGN id="FX275P278" loc="365.000, -600.868, 741.477, 0.000, 0.000, 180.000">
    <SETPOD id="FX275P278" loc="0.000, 0.000, 0.000, 0.000, 0.000, 0.000" URL="/fr/FX275P278.pod" aid="/attr/FX275P278" fid="" />
   </SETGN>
   <SETGN id="FX276" loc="582.000, 520.000, 456.000, 0.000, 0.000, 0.000">
    <SETPOD id="FX276" loc="0.000, 0.000, 0.000, 0.000, 0.000, 0.000" URL="/fr/FX276.pod" aid="/attr/FX276" fid="" />
   </SETGN>
   <SETGN id="FX276P279" loc="831.000, 442.000, 456.000, 0.000, 0.000, 90.000">
    <SETPOD id="FX276P279" loc="0.000, 0.000, 0.000, 0.000, 0.000, 0.000" URL="/fr/FX276P279.pod" aid="/attr/FX276P279" fid="" />
   </SETGN>
   <SETGN id="C1R102G103V1" loc="408.240, 1.966, 1253.000, 90.000, -0.000, 2.053">
    <SETPOD id="C1R102G103V1" loc="0.000, 0.000, 0.000, 0.000, 0.000, 0.000" URL="/fr/C1R102G103V1.pod" aid="/attr/C1R102G103V1" fid="" />
   </SETGN>
   <SETGN id="C1R102G103V2" loc="601.000, 542.829, 937.000, 90.000, -0.000, -90.000">
    <SETPOD id="C1R102G103V2" loc="0.000, 0.000, 0.000, 0.000, 0.000, 0.000" URL="/fr/C1R102G103V2.pod" aid="/attr/C1R102G103V2" fid="" />
   </SETGN>
 </SETGN>
</TPGL>
